Title,Channel,Category,Confidence,YouTube URL
Python code in hindi for beginners|apna college|python tutorial for beginners.,Monu institute ,Education,34.43%,https://www.youtube.com/watch?v=tJ39Bf4OvrI
Python Programming - A Full Course for Beginners (Learn Python in 2025!),Monu institute ,Education,37.67%,https://www.youtube.com/watch?v=Wghz6w0btxI
Python Basics: The Best Way to Learn Python Programming (2024),Monu institute ,Education,28.70%,https://www.youtube.com/watch?v=GfWRxr1OBm4
Python Full Course for Beginners,Programming with Mosh,Education,33.34%,https://www.youtube.com/watch?v=_uQrJ0TkZlc
python programming|python for beginners|python full course,Monu institute ,Education,33.20%,https://www.youtube.com/watch?v=80yIVH2aOy0
First Program in Python | How to Write First Program in Python | Python in Telugu,PythonLife,Education,24.55%,https://www.youtube.com/watch?v=alWfOXeXppA
Learn Python for FREE in 2025,Sajjaad Khader,Education,22.88%,https://www.youtube.com/watch?v=q2-pnQffZik
python full course in hindi 🐍 python full course in playlist,Monu institute ,Education,27.13%,https://www.youtube.com/watch?v=twCURhXuBp4
Python Basics: Your FIRST Program in Under a Minute! 🚀,The Programmers Realm,Education,20.03%,https://www.youtube.com/watch?v=nluUYtejoIE
Junior vs senior python developer 🐍 | #python #coding #programming #shorts  @Codingknowledge-yt,Coding knowledge ,Education,46.80%,https://www.youtube.com/watch?v=Mf9GCn_LsUI
